{"epoch": 20, "Loss_D": 0.5655990839004517, "Loss_G": 13.987744331359863, "D(real)": 0.6992202401161194, "D(G(z))-before D train": 0.0012468895874917507, "D(G(z))-after D train": 2.226440756203374e-06, "DivLoss": 1.6616957054793602e-07, "fid": 484.873746182153, "fake_is": 1.0224699974060059, "precision": 0.0, "recall": 0.0, "density": 0.0, "coverage": 0.0, "_runtime": 782, "_timestamp": 1620898928, "_step": 3}