{"epoch": 90, "Loss_D": 1.7693878412246704, "Loss_G": 4.151923656463623, "D(real)": 0.9645359516143799, "D(G(z))-before D train": 0.7842050790786743, "D(G(z))-after D train": 0.023720337077975273, "DivLoss": 3.20055448810308e-07, "fid": 105.37508668917741, "fake_is": 2.566373825073242, "precision": 0.6894, "recall": 0.0329, "density": 0.68618, "coverage": 0.2254, "_runtime": 4182, "_timestamp": 1620904241, "_step": 9}